"UUID","QUOTE_TRANSCRIPTION","ANCHOR","TYPE","URI","VOCAB_LABEL","LAT","LNG","PLACE_TYPE","VERIFICATION_STATUS","TAGS","COMMENTS"
"1681c421-5df1-456d-acf8-b19c8553f10b","NEW YORK","char-offset:753","PLACE","http://sws.geonames.org/5128638","New York","42.9903432584127","-75.68849651425573","","UNVERIFIED","",""
"48919a20-1743-4e12-ba1f-872326026db4","Tierra del Fuego","char-offset:5116","PLACE","http://sws.geonames.org/3834450","Tierra del Fuego","-54.32712747372341","-67.42651230059857","","UNVERIFIED","",""
"948fd9c6-9387-4eea-9ca9-3a33757898c3","London","char-offset:5800","PLACE","http://sws.geonames.org/2643743","London","51.50853","-0.12574","","UNVERIFIED","",""
"ef13b983-82fc-485d-8ba9-6c079c41616f","London","char-offset:15015","PLACE","http://sws.geonames.org/2643743","London","51.50853","-0.12574","","UNVERIFIED","",""
"6f8fde70-88d0-4797-b389-e2cf826daa1c","US","char-offset:16840","PLACE","http://sws.geonames.org/2971316","Us","49.1","1.96667","","UNVERIFIED","",""
"af51eaa3-ce82-4326-b3db-b1c486d74514","England","char-offset:18426","PLACE","http://sws.geonames.org/6269131","England","","","","UNVERIFIED","",""
"cb2b69e3-fd4d-4978-80c8-6dc95467e1fd","France","char-offset:18438","PLACE","http://sws.geonames.org/3017382","France","46.557575440537526","2.5522572848112075","","UNVERIFIED","",""
"46d3b8d5-cc09-4098-83b1-3c5c8c9d5220","Emerson","char-offset:26656","PLACE","http://sws.geonames.org/5097649","Emerson","40.97621","-74.02625","","UNVERIFIED","",""
"c9ea832f-cc01-4492-8aa6-52482112a4ef","Lewisham","char-offset:31660","PLACE","http://sws.geonames.org/9972803","Lewisham","-33.89719","151.14883","","UNVERIFIED","",""
"e9b0bbc7-4b1b-4965-a7da-9c6f2e996b02","Darlington Hospital","char-offset:31891","PLACE","","","","","","UNVERIFIED","",""
"40a0f2f6-775f-4126-aa97-87c21bc451e9","Boyne","char-offset:32779","PLACE","http://pleiades.stoa.org/places/79337","Bououinda fl.|Bououinda, Boyne","53.72171","-6.23883","river","UNVERIFIED","",""
"8cfd8cbb-34b0-4c16-949c-444c51486cea","Rhode Island","char-offset:33319","PLACE","http://sws.geonames.org/5224323","Rhode Island","41.677343293277055","-71.55824239471691","","UNVERIFIED","",""
"bdc15d99-31d2-464b-a31b-091c734bac51","Coventry","char-offset:33502","PLACE","http://sws.geonames.org/2652221","Coventry","52.40656","-1.51217","","UNVERIFIED","",""
"281d109b-7031-461f-8eb9-e93f498365a3","R.I.","char-offset:33512","PLACE","","","","","","UNVERIFIED","",""
"5915413b-bef1-4669-a605-ce64673fccde","Providence","char-offset:33521","PLACE","http://sws.geonames.org/5224151","Providence","41.82399","-71.41283","","UNVERIFIED","",""
"40a911b6-773f-4eaa-9484-1abaa074fde4","Greene Station","char-offset:33624","PLACE","","","","","","UNVERIFIED","",""
"0ec6e6eb-406d-45b1-a598-2dd0ca93a6ad","Broad Street","char-offset:33822","PLACE","","","","","","UNVERIFIED","",""
"588aef21-b940-408c-a1c0-858d8d4ce3f7","Westminster Street","char-offset:33884","PLACE","","","","","","UNVERIFIED","",""
"f4cc81e4-8e25-4d30-965f-58b623c8905e","Norristown","char-offset:34122","PLACE","http://sws.geonames.org/5162044","Martins Ferry","40.09591","-80.72453","","UNVERIFIED","",""
"3e1385e4-d9e4-41d7-a3c8-df768eb27e86","Philadelphia","char-offset:34134","PLACE","http://sws.geonames.org/4560349","Philadelphia","39.95233","-75.16379","","UNVERIFIED","",""
"9ee54812-81c4-47ef-a413-1b8522119e5d","Rhode Island","char-offset:34451","PLACE","http://sws.geonames.org/5224323","Rhode Island","41.677343293277055","-71.55824239471691","","UNVERIFIED","",""
"48d189f6-da75-462b-a340-08f4e6e84f87","Norristown","char-offset:34482","PLACE","http://sws.geonames.org/5162044","Martins Ferry","40.09591","-80.72453","","UNVERIFIED","",""
"54ae92ca-6d5c-4251-8857-fd05d2d0ca4b","Philadelphia","char-offset:34559","PLACE","http://sws.geonames.org/4560349","Philadelphia","39.95233","-75.16379","","UNVERIFIED","",""
"e49b5e96-7b22-45c2-a359-beec938d052c","Providence","char-offset:35516","PLACE","http://sws.geonames.org/5224151","Providence","41.82399","-71.41283","","UNVERIFIED","",""
"c06da99d-9684-4cf5-af22-6fec656b0031","Broad Street","char-offset:35571","PLACE","","","","","","UNVERIFIED","",""
"87df2125-991b-49a3-8703-4f0e98c118f5","Westminster Street","char-offset:35613","PLACE","","","","","","UNVERIFIED","",""
"52362241-0c96-4b91-a717-d3205d456966","Norristown","char-offset:36262","PLACE","http://sws.geonames.org/5162044","Martins Ferry","40.09591","-80.72453","","UNVERIFIED","",""
"be349dc7-575c-4b3d-a31f-95c05f55b1b6","France","char-offset:37825","PLACE","http://sws.geonames.org/3017382","France","46.557575440537526","2.5522572848112075","","UNVERIFIED","",""
"5fd33195-3d43-4338-b3dc-60704f7adc3a","Bonneval","char-offset:39398","PLACE","http://sws.geonames.org/3031702","Bonneval","48.18312","1.38524","","UNVERIFIED","",""
"0499ab0d-f7f6-420b-9a78-9fc654fc6d32","Bonneval","char-offset:40066","PLACE","http://sws.geonames.org/3031702","Bonneval","48.18312","1.38524","","UNVERIFIED","",""
"c6e8f651-b3c0-4c1a-9766-5ac77edaa685","Rochefort","char-offset:40201","PLACE","http://sws.geonames.org/2983276","Rochefort","45.93333","-0.98333","","UNVERIFIED","",""
"f696f181-b28e-4f1b-9921-1e9e7a5fcb5c","Rochefort","char-offset:40325","PLACE","http://sws.geonames.org/2983276","Rochefort","45.93333","-0.98333","","UNVERIFIED","",""
"4d5309c6-c0b0-47b6-a7ae-be9fbddbd2a4","Bonneval","char-offset:40543","PLACE","http://sws.geonames.org/3031702","Bonneval","48.18312","1.38524","","UNVERIFIED","",""
"e7f07a23-1345-4b8e-9b7a-91a76f434274","Bicetre","char-offset:40577","PLACE","","","","","","UNVERIFIED","",""
"6f8ff7a0-c49e-48bf-ab41-6d29ab4568dd","Rochefort","char-offset:40713","PLACE","http://sws.geonames.org/2983276","Rochefort","45.93333","-0.98333","","UNVERIFIED","",""
"83bc03a4-6733-41c3-9699-362a43e1807f","Rochefort","char-offset:41559","PLACE","http://sws.geonames.org/2983276","Rochefort","45.93333","-0.98333","","UNVERIFIED","",""
"7e3d9575-d4c7-4042-b8b1-6348e534c589","Bonneval","char-offset:41657","PLACE","http://sws.geonames.org/3031702","Bonneval","48.18312","1.38524","","UNVERIFIED","",""
"527522f4-95f4-4dd7-aae2-0fbf3ac7cd96","Bicetre","char-offset:41692","PLACE","","","","","","UNVERIFIED","",""
"c79dd6cd-8c58-480e-9460-e8adcd0c6b6a","Rochefort","char-offset:41890","PLACE","http://sws.geonames.org/2983276","Rochefort","45.93333","-0.98333","","UNVERIFIED","",""
"c1482f43-82ec-4332-b608-9b3a4b5f5051","Bicetre","char-offset:43286","PLACE","","","","","","UNVERIFIED","",""
"8d4345cc-74ac-49f4-adb5-b42a87e50c78","St. Urbain","char-offset:44255","PLACE","","","","","","UNVERIFIED","",""
"e2ba06d9-7e7f-44e0-ba06-49b7c87e076c","France","char-offset:48563","PLACE","http://sws.geonames.org/3017382","France","46.557575440537526","2.5522572848112075","","UNVERIFIED","",""
"fd8cdbcb-f880-4e21-8373-94bcf4b5ef3b","LÃ©onie","char-offset:66116","PLACE","","","","","","UNVERIFIED","",""
"b983bab6-80a8-4f9c-9994-44e57232e651","Surrey","char-offset:72964","PLACE","http://sws.geonames.org/5692466","Surrey","48.2364","-101.13349","","UNVERIFIED","",""
"983c4ab4-3693-4a24-a606-91a8278e609c","South","char-offset:73601","PLACE","http://sws.geonames.org/3337406","South","64.14620971568705","-19.17522938106053","","UNVERIFIED","",""
"7ac5ff3a-a882-4ab5-a7bd-8be6ea817bb0","Portsmouth","char-offset:73613","PLACE","http://sws.geonames.org/5091383","Portsmouth","43.07176","-70.76255","","UNVERIFIED","",""
"411587d7-43c5-4080-b6cf-904af3e216f9","London","char-offset:73715","PLACE","http://sws.geonames.org/2643743","London","51.50853","-0.12574","","UNVERIFIED","",""
"9b2932b3-a7d6-4255-beeb-4e9bfd2b3b3a","Hindhead","char-offset:73835","PLACE","http://sws.geonames.org/2646863","Hindhead","51.11381","-0.73351","","UNVERIFIED","",""
"2c12142a-688e-4b5b-bd13-8f5e98195a4e","Selborne","char-offset:73995","PLACE","","","","","","UNVERIFIED","",""
"8034e318-5ddc-4c71-a37d-1c6cbb2b642f","White 's Selborne","char-offset:74005","PLACE","","","","","","UNVERIFIED","",""
"a558c676-b470-4a03-921e-d3e99fefc077","Liphook Common","char-offset:74073","PLACE","","","","","","UNVERIFIED","",""
"b188e8f9-8cdf-4395-b9db-f4857d41af99","Willington","char-offset:75708","PLACE","http://sws.geonames.org/2633898","Willington","52.13409","-0.37235","","UNVERIFIED","",""
"61f0173a-412b-484b-a7c7-b3efeea39883","London","char-offset:76715","PLACE","http://sws.geonames.org/2643743","London","51.50853","-0.12574","","UNVERIFIED","",""
"8c8417ed-424b-475b-bd22-759cb4412fc4","Park Lane","char-offset:76876","PLACE","","","","","","UNVERIFIED","",""
"2e34082b-1e92-4101-bb17-942d0f2922e2","Sanscrit","char-offset:77090","PLACE","","","","","","UNVERIFIED","",""
"9cd23f32-a772-4ed7-8b90-d64490c7b467","Hindhead","char-offset:80574","PLACE","http://sws.geonames.org/2646863","Hindhead","51.11381","-0.73351","","UNVERIFIED","",""
"f463e54b-5941-41c1-8fc4-433aa5e334e3","Hindhead","char-offset:81791","PLACE","http://sws.geonames.org/2646863","Hindhead","51.11381","-0.73351","","UNVERIFIED","",""
"4bb2e033-7657-45c2-8953-9de35de6087b","Miss C.","char-offset:84144","PLACE","","","","","","UNVERIFIED","",""
"23062b8b-61e9-4df8-a47e-429d9cbd76e9","Hindhead","char-offset:84311","PLACE","http://sws.geonames.org/2646863","Hindhead","51.11381","-0.73351","","UNVERIFIED","",""
"d6496fb6-5955-48cb-9f7d-df3e653ecc47","Wimbledon","char-offset:84396","PLACE","","","","","","UNVERIFIED","",""
"c17839c6-358a-45b5-b279-0741ec49633f","Hindhead","char-offset:85705","PLACE","http://sws.geonames.org/2646863","Hindhead","51.11381","-0.73351","","UNVERIFIED","",""
"c0a43e79-ad34-46bb-a3d9-cac0d051aaa6","Shorncliffe","char-offset:91073","PLACE","http://sws.geonames.org/2149586","Shorncliffe","-27.32759","153.08161","","UNVERIFIED","",""
"f2bf3508-50d1-40d5-982c-3a0aaa0f71ef","Podmore","char-offset:95238","PLACE","","","","","","UNVERIFIED","",""
"d7577d09-7022-4430-9f13-18645e11b3eb","Kildare Gardens","char-offset:96076","PLACE","","","","","","UNVERIFIED","",""
"a1c2237b-5044-4bdb-9a42-516790edbec4","Hogarth Road","char-offset:96218","PLACE","","","","","","UNVERIFIED","",""
"1b382770-96a1-4f9d-97d2-5ed82d191cbc","Southall","char-offset:96684","PLACE","http://sws.geonames.org/2637490","Southall","51.50896","-0.3713","","UNVERIFIED","",""
"7add5d7d-afe2-473e-a3e4-6f034fe9c4e1","Kew","char-offset:96795","PLACE","http://sws.geonames.org/2161540","Kew","-37.80639","145.03086","","UNVERIFIED","",""
"e6356631-998b-4e69-927a-cfebce54e27f","Kew","char-offset:97018","PLACE","http://sws.geonames.org/2161540","Kew","-37.80639","145.03086","","UNVERIFIED","",""
"519e260a-38aa-4cdb-83bb-7a21ad3971f2","Kew","char-offset:97094","PLACE","http://sws.geonames.org/2161540","Kew","-37.80639","145.03086","","UNVERIFIED","",""
"643e7aa8-1ab1-4561-9850-548883cdca9e","Norland Square","char-offset:97937","PLACE","","","","","","UNVERIFIED","",""
"5dee05dc-0f80-4225-8252-bf017a0622c1","Burmah","char-offset:98934","PLACE","http://sws.geonames.org/1327865","Myanmar","21.136310579542496","96.52116452554377","","UNVERIFIED","",""
"ebfe8649-8fb3-4e2b-bc96-e9a8742dec72","South Kensington","char-offset:99136","PLACE","http://sws.geonames.org/4369976","South Kensington","39.019","-77.07998","","UNVERIFIED","",""
"77192a41-2afa-43d3-b53b-06ff2872fc05","England","char-offset:99312","PLACE","http://sws.geonames.org/6269131","England","","","","UNVERIFIED","",""
"6a68311f-5022-46db-8af4-58662960b95b","Rangoon","char-offset:99366","PLACE","http://sws.geonames.org/1298824","Yangon","16.80528","96.15611","","UNVERIFIED","",""
"97ef0ab5-c697-47b1-92d4-597019fa4808","London","char-offset:101581","PLACE","http://sws.geonames.org/2643743","London","51.50853","-0.12574","","UNVERIFIED","",""
"64d5efc7-8e7b-4dd8-b057-b4807612f6ff","Dalston","char-offset:101658","PLACE","","","","","","UNVERIFIED","",""
"144db3b2-5e36-4ef0-a450-f36877a0a26d","Pall Mall","char-offset:102710","PLACE","","","","","","UNVERIFIED","",""
"0278683e-43b8-4eea-842c-c050b621adcc","India","char-offset:104032","PLACE","http://pleiades.stoa.org/places/50004","India","22.5","77.5","region","UNVERIFIED","",""
"d7bc72c6-8048-4302-972c-02fcd27b0168","London","char-offset:104407","PLACE","http://sws.geonames.org/2643743","London","51.50853","-0.12574","","UNVERIFIED","",""
"3d065fab-35a7-4e63-9f85-3cb80e99bdb6","Greenwich","char-offset:105761","PLACE","http://sws.geonames.org/2207796","Greenwich","-33.83954","151.183","","UNVERIFIED","",""
"c2a26919-917b-42da-b3be-0314ce45caa6","Vicarage","char-offset:106790","PLACE","","","","","","UNVERIFIED","",""
"a20016d9-7c06-412d-91a6-f45fe9c07265","Somerset","char-offset:108538","PLACE","http://sws.geonames.org/4308922","Somerset","37.09202","-84.60411","","UNVERIFIED","",""
"53ebb747-7483-4169-a3f9-9378652ffa9e","England","char-offset:109123","PLACE","http://sws.geonames.org/6269131","England","","","","UNVERIFIED","",""
"9150969c-ac02-4f96-ad43-7ee8032e5c9f","France","char-offset:110121","PLACE","http://sws.geonames.org/3017382","France","46.557575440537526","2.5522572848112075","","UNVERIFIED","",""
"6090e49b-ffb8-4318-9ff3-790085326dfd","England","char-offset:110132","PLACE","http://sws.geonames.org/6269131","England","","","","UNVERIFIED","",""
"5092a78f-c210-4549-8e2a-6ffc6fee9444","St. Heliers","char-offset:110816","PLACE","","","","","","UNVERIFIED","",""
"54572430-1217-41f5-a3fc-30bcc22bb8aa","Bouley Bay","char-offset:110833","PLACE","","","","","","UNVERIFIED","",""
"3d8cb822-5e38-4440-b4d1-a6b113dea3c9","Leeds","char-offset:112003","PLACE","http://sws.geonames.org/2644688","Leeds","53.79648","-1.54785","","UNVERIFIED","",""
"24121f53-5201-4909-87a2-66e3cad710b0","Jersey","char-offset:112076","PLACE","http://sws.geonames.org/3042142","Jersey","49.22298384935468","-2.1483695841267587","","UNVERIFIED","",""
"eb3a2d35-7d94-480e-a92e-61b2d5c412de","North Britain","char-offset:112556","PLACE","","","","","","UNVERIFIED","",""
"cb034c09-7962-4dce-9329-54458dfdabb6","India","char-offset:112628","PLACE","http://pleiades.stoa.org/places/50004","India","22.5","77.5","region","UNVERIFIED","",""
"37a90bd6-60e9-40ea-a38f-13270fe4d963","Bundelcund","char-offset:112787","PLACE","","","","","","UNVERIFIED","",""
"b5497f01-e55f-49ec-bcf2-f43e80a80b1d","India","char-offset:112799","PLACE","http://pleiades.stoa.org/places/50004","India","22.5","77.5","region","UNVERIFIED","",""
"43204789-db31-4c68-bcf9-c1568037be02","England","char-offset:114687","PLACE","http://sws.geonames.org/6269131","England","","","","UNVERIFIED","",""
"acaee640-8c89-4210-bc40-2334ae58eef4","India","char-offset:114995","PLACE","http://pleiades.stoa.org/places/50004","India","22.5","77.5","region","UNVERIFIED","",""
"4395acc3-6bdd-4ffd-aad9-ffe00567ba5b","Nottingham","char-offset:115619","PLACE","http://sws.geonames.org/2641170","Nottingham","52.9536","-1.15047","","UNVERIFIED","",""
"2ed93e93-e33e-47cf-bf10-a965afa71876","Myton Gate","char-offset:115890","PLACE","","","","","","UNVERIFIED","",""
"6edd44c7-80c4-4d3c-9966-6622735ff27b","Sydney Villa","char-offset:116930","PLACE","","","","","","UNVERIFIED","",""
"f12833de-4379-43b9-ba0c-54e2074fba9b","Ratcliffe Road","char-offset:116944","PLACE","","","","","","UNVERIFIED","",""
"53ed5a71-966d-4e41-a07b-0ac91e882f67","Gray Street","char-offset:119275","PLACE","","","","","","UNVERIFIED","",""
"d2e29bf0-7516-4a3f-b3f4-48220e339fa8","Dundee","char-offset:119335","PLACE","http://sws.geonames.org/1007400","Dundee","-28.16678","30.23371","","UNVERIFIED","",""
"4ca6b27c-663c-4167-bd12-6d036ec3ce46","Northgate","char-offset:121530","PLACE","http://sws.geonames.org/4519938","Northgate","39.25283","-84.59245","","UNVERIFIED","",""
"d527422e-d668-4b91-a168-16a29c6dbcd1","Dundee","char-offset:123050","PLACE","http://sws.geonames.org/1007400","Dundee","-28.16678","30.23371","","UNVERIFIED","",""
"f0c0fb9b-97cb-4bea-b18e-72aaf7be1850","Manchester","char-offset:123440","PLACE","http://sws.geonames.org/2643123","Manchester","53.48095","-2.23743","","UNVERIFIED","",""
"4a441a98-ef53-4ae2-987d-50e1a1b36951","Castle Street","char-offset:123597","PLACE","","","","","","UNVERIFIED","",""
"3709f489-24a1-4315-bcfd-34a33f0ddb20","Yorkshire","char-offset:127152","PLACE","http://sws.geonames.org/5145250","Yorkshire","42.53006","-78.4728","","UNVERIFIED","",""
"e68999af-4f5b-435e-9fb5-e4d2f3bacf3d","Pembrokeshire","char-offset:127690","PLACE","http://dare.ht.lu.se/places/44417","Wiston, Pembrokeshire","51.831763","-4.8661625","","UNVERIFIED","",""
"284ad662-2550-45a3-8700-37179adfdee4","Ohio","char-offset:130178","PLACE","http://sws.geonames.org/5165418","Ohio","40.416415222506814","-82.71078831032283","","UNVERIFIED","",""
"c366bf29-7125-415d-9971-47801a9df69c","England","char-offset:131600","PLACE","http://sws.geonames.org/6269131","England","","","","UNVERIFIED","",""
"fc519676-82d2-46fe-9973-c64b7fe24980","Darlington","char-offset:133912","PLACE","http://sws.geonames.org/2073139","Darlington","-35.03333","138.56667","","UNVERIFIED","",""
"717075a6-196b-4166-b337-2b334da51d10","Darlington","char-offset:134121","PLACE","http://sws.geonames.org/2073139","Darlington","-35.03333","138.56667","","UNVERIFIED","",""
"10d6ca4a-3879-4653-9ad0-7e1635ea5df3","Lerici","char-offset:135715","PLACE","http://sws.geonames.org/3174856","Lerici","44.07587","9.91121","","UNVERIFIED","",""
"3faaf913-3aef-45d6-80c3-7b96ed581df8","England","char-offset:146014","PLACE","http://sws.geonames.org/6269131","England","","","","UNVERIFIED","",""
"e46c5f18-2c39-43bf-8409-b8e62d2339de","Orchard Lea","char-offset:147150","PLACE","","","","","","UNVERIFIED","",""
"a616b00f-c7b6-40b6-96a2-7decf0ef2d28","Windsor Forest","char-offset:147166","PLACE","","","","","","UNVERIFIED","",""
"7d8e076b-f925-43a9-8a37-9d2af45d8c04","Cornwall","char-offset:150312","PLACE","http://sws.geonames.org/5113775","Cornwall-on-Hudson","41.44482","-74.0157","","UNVERIFIED","",""
"6bfd3462-b386-4046-b891-d57f4bbebf77","Hindhead","char-offset:150954","PLACE","http://sws.geonames.org/2646863","Hindhead","51.11381","-0.73351","","UNVERIFIED","",""
"1058a805-65ee-44c3-ab9b-7ce0b89ec894","Surrey","char-offset:151013","PLACE","http://sws.geonames.org/5692466","Surrey","48.2364","-101.13349","","UNVERIFIED","",""
"42a2274e-eaca-4d59-9bd7-e24444265687","Surrey","char-offset:151111","PLACE","http://sws.geonames.org/5692466","Surrey","48.2364","-101.13349","","UNVERIFIED","",""
"6d8cdf6d-4caf-4668-8f7a-885eb8bc0ce3","Hindhead","char-offset:151758","PLACE","http://sws.geonames.org/2646863","Hindhead","51.11381","-0.73351","","UNVERIFIED","",""
"76fb944a-c5d6-4963-9c23-3199b2817371","Surrey","char-offset:152017","PLACE","http://sws.geonames.org/5692466","Surrey","48.2364","-101.13349","","UNVERIFIED","",""
"195fa53c-317a-4fe3-a5d2-363ff16b335c","Surrey","char-offset:152433","PLACE","http://sws.geonames.org/5692466","Surrey","48.2364","-101.13349","","UNVERIFIED","",""
"ce1758c4-c3e3-4045-9598-e60b29995aa7","South Devon","char-offset:152947","PLACE","http://pleiades.stoa.org/places/248025633","Grimspound","50.613326","-3.83738","settlement","UNVERIFIED","",""
"4cadab3e-352a-41c4-8444-f03f9ffd0199","Australia","char-offset:153097","PLACE","http://sws.geonames.org/2077456","Australia","-25.736503338149504","134.48623001282735","","UNVERIFIED","",""
"d7e5cf60-c49c-418d-95e5-aed65f142e18","Melbourne","char-offset:153135","PLACE","http://sws.geonames.org/2158177","Melbourne","-37.814","144.96332","","UNVERIFIED","",""
"8f760df6-0569-417c-a040-d09c59a82c7b","Melbourne","char-offset:153381","PLACE","http://sws.geonames.org/2158177","Melbourne","-37.814","144.96332","","UNVERIFIED","",""
"a754575e-f7c6-4e74-9502-7525f5679f10","Edinburgh","char-offset:155075","PLACE","http://sws.geonames.org/2650225","Edinburgh","55.95206","-3.19648","","UNVERIFIED","",""
"6e0a9b38-08bf-4037-91e2-a4c33013716a","Edinburgh","char-offset:155265","PLACE","http://sws.geonames.org/2650225","Edinburgh","55.95206","-3.19648","","UNVERIFIED","",""
"95d9d0b8-e035-46c0-baa7-4fa84c7964d3","Miles Range","char-offset:156100","PLACE","","","","","","UNVERIFIED","",""
"bd96804a-ce74-479b-aed5-86e6b9965878","Mooltan","char-offset:156541","PLACE","","","","","","UNVERIFIED","",""
"65ea838b-1463-4551-89ae-5d4c93dd2226","Ferozepore","char-offset:156826","PLACE","http://sws.geonames.org/1271883","Ferozepore","30.92574","74.61311","","UNVERIFIED","",""
"e7163756-6467-4349-8cb9-d174497797d3","Mooltan","char-offset:157267","PLACE","","","","","","UNVERIFIED","",""
"df0fb2f4-cf30-4e84-978e-cfc36fdbdf6d","France","char-offset:157605","PLACE","http://sws.geonames.org/3017382","France","46.557575440537526","2.5522572848112075","","UNVERIFIED","",""
"51e60639-0346-462b-a228-5169e12959b3","Scotland","char-offset:157620","PLACE","http://sws.geonames.org/2638360","Scotland","","","","UNVERIFIED","",""
"936f24ab-f6cb-4fd1-bd92-c14ffd60a713","Edinburgh","char-offset:157963","PLACE","http://sws.geonames.org/2650225","Edinburgh","55.95206","-3.19648","","UNVERIFIED","",""
"bd2910b4-598f-456d-8209-43acf8ccf9e1","France","char-offset:158179","PLACE","http://sws.geonames.org/3017382","France","46.557575440537526","2.5522572848112075","","UNVERIFIED","",""
"603c04fb-137e-4097-9388-0b84f9cd6797","Orleans","char-offset:158627","PLACE","http://sws.geonames.org/3455784","Orleans","-28.35889","-49.29139","","UNVERIFIED","",""
"bdb338bf-6cb6-46e9-bd74-205d1a211897","Paris","char-offset:159286","PLACE","http://pleiades.stoa.org/places/109126","Lutetia|Lutetia/Parisius, Paris|Paris","48.852964","2.349952","amphitheatre,bath,settlement","UNVERIFIED","",""
"c536dde7-dfd6-4602-9a20-91ee906ddbad","Edinburgh","char-offset:159763","PLACE","http://sws.geonames.org/2650225","Edinburgh","55.95206","-3.19648","","UNVERIFIED","",""
"f021a336-86c7-4f4a-976f-668b4663e7ba","Paris","char-offset:159814","PLACE","http://pleiades.stoa.org/places/109126","Lutetia|Lutetia/Parisius, Paris|Paris","48.852964","2.349952","amphitheatre,bath,settlement","UNVERIFIED","",""
"a30f71f8-f418-4fbd-9f1d-e88791b72adf","England","char-offset:159942","PLACE","http://sws.geonames.org/6269131","England","","","","UNVERIFIED","",""
"29e17630-6412-4a28-af10-77850de9346c","Africa","char-offset:160003","PLACE","http://sws.geonames.org/6255146","Africa","6.42577000602419","18.274639053061836","","UNVERIFIED","",""
"5c50c9bb-8135-42ec-a072-e3069aa97e1e","England","char-offset:160026","PLACE","http://sws.geonames.org/6269131","England","","","","UNVERIFIED","",""
"c33cd055-8328-48da-902b-e71c11e94ea4","Wadhurst","char-offset:160056","PLACE","http://sws.geonames.org/2634918","Wadhurst","51.0623","0.33929","","UNVERIFIED","",""
"00000a10-9067-4bbf-b2fb-ada3c16fb726","West Dulwich","char-offset:160066","PLACE","","","","","","UNVERIFIED","",""
"6b3d8582-f100-4ba8-a4da-00a3cec7e47e","Africa","char-offset:160231","PLACE","http://sws.geonames.org/6255146","Africa","6.42577000602419","18.274639053061836","","UNVERIFIED","",""
"f7c171cf-921a-4f22-aa96-1208293f1764","Napa","char-offset:161175","PLACE","http://sws.geonames.org/5376095","Napa","38.29714","-122.28553","","UNVERIFIED","",""
"99f1db41-8bed-44fb-8388-73a1dcdde1a4","California","char-offset:161190","PLACE","http://sws.geonames.org/5332921","California","37.24235921742027","-119.60604445719355","","UNVERIFIED","",""
"fa56105d-4b3b-4cdb-8905-cd3ff0c4f003","Sierra","char-offset:162251","PLACE","http://sws.geonames.org/3516668","Sierra Papacal","21.12522","-89.73018","","UNVERIFIED","",""
"df7b7597-8419-4fda-b4c1-07a0abf06ecc","Carson Valley Pass","char-offset:162266","PLACE","","","","","","UNVERIFIED","",""
"b19da57b-eeda-4dfe-b2bc-099fd83ec35b","Carson Valley Pass","char-offset:162768","PLACE","","","","","","UNVERIFIED","",""
"98cf2501-c0e8-4a49-a3e2-1473713bb217","Southern States of America","char-offset:163019","PLACE","","","","","","UNVERIFIED","",""
"4ef1629a-2d89-47ea-a3f1-d5737d77ac50","Virginia","char-offset:163686","PLACE","http://sws.geonames.org/2059436","Virginia","-34.6663","138.56027","","UNVERIFIED","",""
"4b43d890-b5fa-4b6a-b3e1-77e28dada25a","Richmond","char-offset:164000","PLACE","http://sws.geonames.org/962330","Richmond","-29.87196","30.27235","","UNVERIFIED","",""
"a8030387-1eb7-4325-bf5f-00b3339cbbbc","Tralee","char-offset:167208","PLACE","http://sws.geonames.org/2961123","Tralee","52.27042","-9.70264","","UNVERIFIED","",""
"db5aca12-ec1f-470b-99c0-a9eb9d8f0b59","N.E.","char-offset:170698","PLACE","","","","","","UNVERIFIED","",""
"6ada3627-5d6e-4c03-89a8-ab4367fd629e","Washington","char-offset:170704","PLACE","http://sws.geonames.org/2634715","Washington","54.9","-1.51667","","UNVERIFIED","",""
"15638e10-ce64-4e2f-bc59-b5f9a6efe991","D.C.","char-offset:170716","PLACE","http://sws.geonames.org/3688685","Bogota D.C.","4.284570932539683","-74.19628720238097","","UNVERIFIED","",""
"023929c6-8e6a-4b75-86b9-60fc3639a874","Washington","char-offset:170746","PLACE","http://sws.geonames.org/2634715","Washington","54.9","-1.51667","","UNVERIFIED","",""
"a1e080a8-c892-4a69-aa35-23bb49d4d72d","D.C.","char-offset:170758","PLACE","http://sws.geonames.org/3688685","Bogota D.C.","4.284570932539683","-74.19628720238097","","UNVERIFIED","",""
"252cb1e1-0e8f-4008-a88e-42a7148bfd50","Washington","char-offset:170791","PLACE","http://sws.geonames.org/2634715","Washington","54.9","-1.51667","","UNVERIFIED","",""
"99486e22-a6cc-4a1e-a830-096d9f898fed","N.E.C.S.","char-offset:170803","PLACE","","","","","","UNVERIFIED","",""
"7dd5390e-c155-4e63-9728-833787c42dfa","London","char-offset:171925","PLACE","http://sws.geonames.org/2643743","London","51.50853","-0.12574","","UNVERIFIED","",""
"4f0bd345-a501-482e-b8d0-89f19e86efd0","Chicago","char-offset:171936","PLACE","http://sws.geonames.org/4887398","Chicago","41.85003","-87.65005","","UNVERIFIED","",""
"f7b2a8c2-f4f9-4129-839a-82fada553b2b","Newcastle","char-offset:172114","PLACE","http://sws.geonames.org/971421","Newcastle","-27.75796","29.9318","","UNVERIFIED","",""
"f97484a3-268a-4892-baf3-00e05905726b","Durham","char-offset:172613","PLACE","http://sws.geonames.org/4464368","Durham","35.99403","-78.89862","","UNVERIFIED","",""
"4c776674-9555-4666-8098-c913a6cf6d77","Wissefjerda","char-offset:177614","PLACE","","","","","","UNVERIFIED","",""
"6b6ce743-1455-4739-9d33-c22c491332d6","Wissefjerda","char-offset:180044","PLACE","","","","","","UNVERIFIED","",""
"44daf59d-e5fb-450c-89c9-9139cac5f4c7","Wissefjerda","char-offset:180631","PLACE","","","","","","UNVERIFIED","",""
"085a1cba-8393-48d2-999f-7faaae8d3692","Sweden","char-offset:182763","PLACE","http://sws.geonames.org/2661886","Sweden","62.7925483465048","16.753693037543123","","UNVERIFIED","",""
"467dbccc-fcc9-48ef-8f77-cd13f2c939d9","Scotland","char-offset:182932","PLACE","http://sws.geonames.org/2638360","Scotland","","","","UNVERIFIED","",""
"07e00e01-0cd3-4687-9879-3e47236fcc15","Edinburgh","char-offset:182997","PLACE","http://sws.geonames.org/2650225","Edinburgh","55.95206","-3.19648","","UNVERIFIED","",""
"31303ae2-7f96-429f-bf78-24b56a085846","Great Britain","char-offset:183353","PLACE","http://sws.geonames.org/2635167","United Kingdom","54.125395081364154","-2.8597499154730794","","UNVERIFIED","",""
"268742b2-7c48-475b-847c-5013bb5f436a","Ayrshire","char-offset:183813","PLACE","","","","","","UNVERIFIED","",""
"461379b0-1f64-477d-9003-9921e4ee4852","London","char-offset:184340","PLACE","http://sws.geonames.org/2643743","London","51.50853","-0.12574","","UNVERIFIED","",""
"7795dd01-8026-433c-9ce5-4f9ef775acae","New Cumnock","char-offset:186270","PLACE","http://sws.geonames.org/2641658","New Cumnock","55.39563","-4.18458","","UNVERIFIED","",""
"18b15eb8-0206-4e35-96e1-f4bd0e7eeb2c","Australia","char-offset:186776","PLACE","http://sws.geonames.org/2077456","Australia","-25.736503338149504","134.48623001282735","","UNVERIFIED","",""
"5d650e04-3d80-48ee-a814-43257a29a009","New Cumnock","char-offset:187569","PLACE","http://sws.geonames.org/2641658","New Cumnock","55.39563","-4.18458","","UNVERIFIED","",""
"e7cc0380-23ae-4981-900a-2099b491af64","Ayrshire","char-offset:187582","PLACE","","","","","","UNVERIFIED","",""
"66b6f8be-8522-4b47-90a0-5a85d403d21f","Ayrshire","char-offset:187672","PLACE","","","","","","UNVERIFIED","",""
"2ad5ad5a-14e3-43cc-af1f-b37f18170fea","Cape","char-offset:188444","PLACE","http://pleiades.stoa.org/places/599688","Kantharion Pr.|Kantharion Pr., cape","37.676","26.592","cape","UNVERIFIED","",""
"41f7969d-1131-492c-a3a6-2373b9403a4a","Edinburgh","char-offset:188735","PLACE","http://sws.geonames.org/2650225","Edinburgh","55.95206","-3.19648","","UNVERIFIED","",""
"281e4aeb-b9ce-4606-b9c0-9c212c2c2072","Belize","char-offset:189210","PLACE","http://sws.geonames.org/3582676","Belize","17.565888230127364","-88.37464042599913","","UNVERIFIED","",""
"47291878-c79a-4c77-b746-79daed084f0d","Honduras","char-offset:189226","PLACE","http://sws.geonames.org/3608932","Honduras","14.824405784514875","-86.59889592030618","","UNVERIFIED","",""
"29ac5de2-a783-4223-ba3e-32bfe174bccd","Belize","char-offset:189343","PLACE","http://sws.geonames.org/3582676","Belize","17.565888230127364","-88.37464042599913","","UNVERIFIED","",""
"6d1cf42b-2b45-408e-aca2-c0aed43b9214","Grenada","char-offset:189441","PLACE","http://sws.geonames.org/3580239","Grenada","12.155812297388765","-61.65222047071117","","UNVERIFIED","",""
"7d3bb3b2-907a-44ef-86ec-6e15ef7845b1","England","char-offset:189485","PLACE","http://sws.geonames.org/6269131","England","","","","UNVERIFIED","",""
"529a6d03-edac-4a3d-a587-3c6e4898fcc3","Gloucester Road","char-offset:190283","PLACE","","","","","","UNVERIFIED","",""
"a5e3ce3b-954c-45b4-9793-34cbaad4590b","Kew","char-offset:190300","PLACE","http://sws.geonames.org/2161540","Kew","-37.80639","145.03086","","UNVERIFIED","",""
"355b48bb-f43e-4c72-9f12-5d5f1d703a3a","Bristol","char-offset:190427","PLACE","http://sws.geonames.org/5282835","Bristol","41.67176","-72.94927","","UNVERIFIED","",""
"205fb824-6e51-435a-8a72-37b2e8d373c1","Oxford","char-offset:190688","PLACE","http://sws.geonames.org/2640729","Oxford","51.75222","-1.25596","","UNVERIFIED","",""
"134afa16-0130-4a0c-8cb9-642105957678","Oxford","char-offset:190821","PLACE","http://sws.geonames.org/2640729","Oxford","51.75222","-1.25596","","UNVERIFIED","",""
"33380a93-fd4f-4f6d-9001-b5ef7a6e6a45","Bristol","char-offset:190913","PLACE","http://sws.geonames.org/5282835","Bristol","41.67176","-72.94927","","UNVERIFIED","",""
"c6fd7e8a-093a-480f-b86d-b56d0d98f7e1","Oxford","char-offset:191090","PLACE","http://sws.geonames.org/2640729","Oxford","51.75222","-1.25596","","UNVERIFIED","",""
"3c3f0134-e103-4c8e-bb6a-a2154d7bca91","Oxford","char-offset:191256","PLACE","http://sws.geonames.org/2640729","Oxford","51.75222","-1.25596","","UNVERIFIED","",""
"23798180-4920-4f7e-b75c-d92d6add1bfb","Oxford","char-offset:191962","PLACE","http://sws.geonames.org/2640729","Oxford","51.75222","-1.25596","","UNVERIFIED","",""
"3977c033-77e3-40ce-9878-54b06e182631","Bristol","char-offset:192266","PLACE","http://sws.geonames.org/5282835","Bristol","41.67176","-72.94927","","UNVERIFIED","",""
"95ca6231-a160-49e4-a4fd-b24760563988","Oxford","char-offset:192277","PLACE","http://sws.geonames.org/2640729","Oxford","51.75222","-1.25596","","UNVERIFIED","",""
"ef209b13-6525-4476-bd2f-7caca99b7153","Oxford","char-offset:192854","PLACE","http://sws.geonames.org/2640729","Oxford","51.75222","-1.25596","","UNVERIFIED","",""
"ded6da59-c2dc-4327-9126-a994cc9e7b30","Southampton","char-offset:200099","PLACE","http://sws.geonames.org/2637487","Southampton","50.90395","-1.40428","","UNVERIFIED","",""
"89c8d459-c485-4d20-8fe7-1e89b5ba7cd3","Skye","char-offset:202454","PLACE","http://sws.geonames.org/8299863","Isle of Skye","57.3619","-6.24727","","UNVERIFIED","",""
"8a33aa58-f3af-4667-902f-810a0a9ab3ff","Skye","char-offset:202513","PLACE","http://sws.geonames.org/8299863","Isle of Skye","57.3619","-6.24727","","UNVERIFIED","",""
"06b697cd-1c03-451d-8f4e-13558f6b7d34","England","char-offset:202623","PLACE","http://sws.geonames.org/6269131","England","","","","UNVERIFIED","",""
"41f2f496-0af6-49aa-8d56-f799c97d1be9","Pall Mall Gazette","char-offset:204001","PLACE","","","","","","UNVERIFIED","",""
"46aaf5a3-4fed-4c19-b95b-a59cd9515cc6","Darlington","char-offset:204136","PLACE","http://sws.geonames.org/2073139","Darlington","-35.03333","138.56667","","UNVERIFIED","",""
"4187c21e-0703-4865-b50e-0de0dc020c02","Darlington","char-offset:204255","PLACE","http://sws.geonames.org/2073139","Darlington","-35.03333","138.56667","","UNVERIFIED","",""
"6725f343-f665-46ec-aa8a-3d5eaa37dd6f","Darlington","char-offset:204404","PLACE","http://sws.geonames.org/2073139","Darlington","-35.03333","138.56667","","UNVERIFIED","",""
"013c404a-4a27-4f44-8c38-e306fb52805c","London","char-offset:204548","PLACE","http://sws.geonames.org/2643743","London","51.50853","-0.12574","","UNVERIFIED","",""
"830ef333-e8ff-4754-961d-dbb1e2918d0a","London","char-offset:204862","PLACE","http://sws.geonames.org/2643743","London","51.50853","-0.12574","","UNVERIFIED","",""
"ebd1abe7-d422-4614-a290-9e3a5db4bc20","London","char-offset:205120","PLACE","http://sws.geonames.org/2643743","London","51.50853","-0.12574","","UNVERIFIED","",""
"ea652dd9-9b24-41e5-aed9-e3dd3214d9ab","Darlington","char-offset:205514","PLACE","http://sws.geonames.org/2073139","Darlington","-35.03333","138.56667","","UNVERIFIED","",""
"41a21955-0ca8-447a-9644-23434c86b7ae","Darlington","char-offset:205818","PLACE","http://sws.geonames.org/2073139","Darlington","-35.03333","138.56667","","UNVERIFIED","",""
"cdaaf82c-434f-4e16-b9b3-e0dfb494f605","Darlington","char-offset:206031","PLACE","http://sws.geonames.org/2073139","Darlington","-35.03333","138.56667","","UNVERIFIED","",""
"106f719f-2bdd-4975-ac3d-6a5de553c314","Scotland","char-offset:206459","PLACE","http://sws.geonames.org/2638360","Scotland","","","","UNVERIFIED","",""
"2f002bfa-ef96-444b-ab11-b2ba9cc0cdb6","Rome","char-offset:206512","PLACE","http://pleiades.stoa.org/places/423025","Roma|Roma, Roma|Rome","41.89262","12.4843457","settlement,urban","UNVERIFIED","",""
"39b71824-be2a-4148-938e-63c0b8cf4b29","Pall Mall Gazette","char-offset:206620","PLACE","","","","","","UNVERIFIED","",""
"0487e479-0575-4ba3-80f1-247374312449","Pall Mall","char-offset:206824","PLACE","","","","","","UNVERIFIED","",""
"73ca53e3-c740-430a-a2fc-f2b94e1c40a0","Pall Mall","char-offset:206968","PLACE","","","","","","UNVERIFIED","",""
"50d6f40b-c09d-418a-808d-bb04c217373a","Darlington","char-offset:207275","PLACE","http://sws.geonames.org/2073139","Darlington","-35.03333","138.56667","","UNVERIFIED","",""
"1fce12d7-40dd-4d64-8468-b967aa5e436e","Pall Mall Gazette","char-offset:207683","PLACE","","","","","","UNVERIFIED","",""
"938ce937-8d49-4f7f-ad0d-f8f10e930b32","Solent","char-offset:208324","PLACE","http://sws.geonames.org/2644680","Lee-on-the-Solent","50.80169","-1.20174","","UNVERIFIED","",""
"aa02c146-02bf-4069-8eab-cbf53a873dba","St. Catherine 's Point","char-offset:208415","PLACE","","","","","","UNVERIFIED","",""
"620efdbb-8e8c-43a6-8793-ceeb3dc33dfa","Pall Mall Gazette","char-offset:208829","PLACE","","","","","","UNVERIFIED","",""
"8c25889d-ca3a-498b-9d95-b262f18b7cf5","Darlington","char-offset:209707","PLACE","http://sws.geonames.org/2073139","Darlington","-35.03333","138.56667","","UNVERIFIED","",""
"b1211b33-70a2-4a2f-9a6e-42d9a6b6a352","Pall Mall Gazette","char-offset:209791","PLACE","","","","","","UNVERIFIED","",""
"15d737ce-d912-48de-8aae-789ab04d7d6e","London","char-offset:210280","PLACE","http://sws.geonames.org/2643743","London","51.50853","-0.12574","","UNVERIFIED","",""
"660c323f-12ba-4ca3-80f0-7b475cd85ac0","Pall Mall Gazette","char-offset:210439","PLACE","","","","","","UNVERIFIED","",""
"9d27a155-c5ef-4f23-904a-b77a1f9f58dd","Pall Mall Gazette","char-offset:210839","PLACE","","","","","","UNVERIFIED","",""
"e8cb0cad-9125-47cc-bb8f-9d2b0bc8302e","Pall Mall Gazette","char-offset:211115","PLACE","","","","","","UNVERIFIED","",""
"a01a4f65-fedd-47e5-9e28-3ec642562022","Pall Mall Gazette","char-offset:212654","PLACE","","","","","","UNVERIFIED","",""
"b75c1e7d-9ebd-414f-9bf7-8bb9b3e28286","Pall Mall Gazette","char-offset:213051","PLACE","","","","","","UNVERIFIED","",""
"1324500e-9c29-4c86-bc95-1da8270a1fa5","Newcastle-on-Tyne","char-offset:214046","PLACE","http://sws.geonames.org/2641673","Newcastle upon Tyne","54.97328","-1.61396","","UNVERIFIED","",""
"f0c5e9e5-6db7-43e9-8cd1-6d2d8a694606","Northumberland Street","char-offset:214103","PLACE","","","","","","UNVERIFIED","",""
"76b4f08d-b2c6-47ff-b017-72f1955198a6","Northumberland Street","char-offset:215811","PLACE","","","","","","UNVERIFIED","",""
"4f572929-630a-422b-a093-6485b472f088","Old Bailey","char-offset:216142","PLACE","","","","","","UNVERIFIED","",""
"05817e05-82fc-4225-8fef-bede4e648658","Coldbath-on-the-Fields Prison","char-offset:220015","PLACE","","","","","","UNVERIFIED","",""
"937e5580-8602-4177-8287-4e88a786ddef","Glasgow","char-offset:222938","PLACE","http://sws.geonames.org/2648579","Glasgow","55.86515","-4.25763","","UNVERIFIED","",""
"22f20138-d5c8-44d6-8b5c-6b65d5009dbd","Glasgow","char-offset:223098","PLACE","http://sws.geonames.org/2648579","Glasgow","55.86515","-4.25763","","UNVERIFIED","",""
"8d5433e6-f280-46f2-9807-60522fae160f","Edinburgh","char-offset:224220","PLACE","http://sws.geonames.org/2650225","Edinburgh","55.95206","-3.19648","","UNVERIFIED","",""
"3b519d31-d92c-4c29-b936-dc8a0c64d2da","Edinburgh","char-offset:225173","PLACE","http://sws.geonames.org/2650225","Edinburgh","55.95206","-3.19648","","UNVERIFIED","",""
"26ad7907-0bef-4105-932e-47fb5a1ea742","India","char-offset:226482","PLACE","http://pleiades.stoa.org/places/50004","India","22.5","77.5","region","UNVERIFIED","",""
"d144a4b3-03b6-43e8-8400-cf1eb24f00d1","Lucknow","char-offset:226698","PLACE","http://sws.geonames.org/1264733","Lucknow","26.83928","80.92313","","UNVERIFIED","",""
"d72a7ee9-7589-4821-a61c-d5aede477801","England","char-offset:227040","PLACE","http://sws.geonames.org/6269131","England","","","","UNVERIFIED","",""
"49e65787-06a6-4f16-a00e-4e3c89b34b48","Lucknow","char-offset:227374","PLACE","http://sws.geonames.org/1264733","Lucknow","26.83928","80.92313","","UNVERIFIED","",""
"6ca3250e-4691-428d-a0f1-36f205bbeb1e","Shipley","char-offset:229075","PLACE","http://sws.geonames.org/2637958","Shipley","53.83333","-1.76667","","UNVERIFIED","",""
"1130fc15-6fb6-4819-99bb-5fa535610204","Bradford","char-offset:229089","PLACE","http://sws.geonames.org/2654993","Bradford","53.79391","-1.75206","","UNVERIFIED","",""
"bc79fc52-113e-40b6-8bf9-7f8ce582054e","Bradford Infirmary","char-offset:230651","PLACE","","","","","","UNVERIFIED","",""
"ea2f156c-4d81-474c-ae35-56c364e17cf2","Grosvenor Road","char-offset:230968","PLACE","","","","","","UNVERIFIED","",""
"9214c705-a491-4a3c-adc8-2ccd8ae04ccd","Persian Empire","char-offset:231412","PLACE","http://pleiades.stoa.org/places/550701","Lydia/Maionia","38.624771249999995","27.9632845","region","UNVERIFIED","",""
"a4a370b9-bc11-432d-9dab-93afefdd2d37","Adelaide","char-offset:231440","PLACE","http://sws.geonames.org/1023656","Adelaide","-32.70747","26.29564","","UNVERIFIED","",""
"27641ec1-89e5-41f8-b90d-1bc1fda49b2e","London","char-offset:231453","PLACE","http://sws.geonames.org/2643743","London","51.50853","-0.12574","","UNVERIFIED","",""
"55385a3c-dc1a-409e-aed9-e2d206bc8f79","Cape Horn","char-offset:231589","PLACE","","","","","","UNVERIFIED","",""
"57f3386d-0520-40ea-b024-aee3266425f4","Cape Horn","char-offset:232032","PLACE","","","","","","UNVERIFIED","",""
"9d69f8f7-70c0-44d4-bb8a-1189819038f5","Adelaide","char-offset:233205","PLACE","http://sws.geonames.org/1023656","Adelaide","-32.70747","26.29564","","UNVERIFIED","",""
"9c96475b-7c9d-4171-b18b-c51b215ca153","Damascus","char-offset:233617","PLACE","http://sws.geonames.org/170654","Damascus","33.5102","36.29128","","UNVERIFIED","",""
"d89275cb-b2e9-4eee-9d85-54c8d495b53d","Angel of Death","char-offset:233667","PLACE","","","","","","UNVERIFIED","",""
"5b043e1c-1faf-414c-98fe-c3b06a893442","Damascus","char-offset:233786","PLACE","http://sws.geonames.org/170654","Damascus","33.5102","36.29128","","UNVERIFIED","",""
"43fcc79d-af18-4858-b305-344e912ba7a0","Jerusalem","char-offset:233824","PLACE","http://sws.geonames.org/293198","Jerusalem","31.74321305841924","35.0043676975945","","UNVERIFIED","",""
"90d973d4-0346-4aad-8b13-e13124b7d139","Manse of Nether Lochaber","char-offset:234197","PLACE","","","","","","UNVERIFIED","",""
"880a8f68-403b-4b63-abd5-9c2649223d1c","Manchester","char-offset:234293","PLACE","http://sws.geonames.org/2643123","Manchester","53.48095","-2.23743","","UNVERIFIED","",""
"a95de46e-70e9-494b-a2cb-2f081862012b","Liverpool","char-offset:234383","PLACE","http://sws.geonames.org/2159851","Liverpool","-33.9","150.93333","","UNVERIFIED","",""
"fb0c659b-145f-462d-a405-31ecdee9e56d","Philadelphia","char-offset:234397","PLACE","http://sws.geonames.org/4560349","Philadelphia","39.95233","-75.16379","","UNVERIFIED","",""
"7a62bf18-fc80-435d-aa89-5b88a384ba98","Lochaber","char-offset:234486","PLACE","","","","","","UNVERIFIED","",""
"99374d57-8377-469e-ad89-c0b9adb23906","West Highlands","char-offset:234670","PLACE","","","","","","UNVERIFIED","",""
"4b25be2d-64b6-4e8d-b019-e8bf563b1c95","Manchester","char-offset:234842","PLACE","http://sws.geonames.org/2643123","Manchester","53.48095","-2.23743","","UNVERIFIED","",""
"3ddbccb2-0271-4c80-9ae3-de3d6288a4d7","Manchester","char-offset:235109","PLACE","http://sws.geonames.org/2643123","Manchester","53.48095","-2.23743","","UNVERIFIED","",""
"b66d53b6-1447-4628-8065-93c2f7a50cba","Liverpool","char-offset:235124","PLACE","http://sws.geonames.org/2159851","Liverpool","-33.9","150.93333","","UNVERIFIED","",""
"23f162f0-a4c2-443c-8345-684a50c3e1f3","Glasgow","char-offset:235280","PLACE","http://sws.geonames.org/2648579","Glasgow","55.86515","-4.25763","","UNVERIFIED","",""
"8a2d241b-c65c-4b6a-9d0b-9f70adf82bc6","Lochaber","char-offset:235436","PLACE","","","","","","UNVERIFIED","",""
"bb9805a3-67c1-4ad7-b68d-86dfcadfde9b","Philadelphia","char-offset:235977","PLACE","http://sws.geonames.org/4560349","Philadelphia","39.95233","-75.16379","","UNVERIFIED","",""
"0fc93bd3-0773-40bb-bc22-abe8bf7dd74e","Manse","char-offset:236401","PLACE","","","","","","UNVERIFIED","",""
"b8931954-aa17-4b9d-be5b-0624386e8240","Manchester","char-offset:236744","PLACE","http://sws.geonames.org/2643123","Manchester","53.48095","-2.23743","","UNVERIFIED","",""
"d328a7f4-2405-45fe-a40c-bf478af6a80c","Glasgow","char-offset:236820","PLACE","http://sws.geonames.org/2648579","Glasgow","55.86515","-4.25763","","UNVERIFIED","",""
"12bfb8cc-e27f-439c-97f9-7c6a81bf8936","Glasgow","char-offset:236897","PLACE","http://sws.geonames.org/2648579","Glasgow","55.86515","-4.25763","","UNVERIFIED","",""
"0dfb6123-5ad5-4c58-be4c-95c352b5d477","Glasgow","char-offset:238343","PLACE","http://sws.geonames.org/2648579","Glasgow","55.86515","-4.25763","","UNVERIFIED","",""
"6af0cb8b-b1ed-4b90-94b1-defcdf4c9b35","Glasgow","char-offset:238657","PLACE","http://sws.geonames.org/2648579","Glasgow","55.86515","-4.25763","","UNVERIFIED","",""
"c5c85c79-5367-4a17-9730-a733bdd56b29","Philadelphia","char-offset:238774","PLACE","http://sws.geonames.org/4560349","Philadelphia","39.95233","-75.16379","","UNVERIFIED","",""
"9dbab8df-a0db-4635-be1e-56389862e6a4","Philadelphia","char-offset:239010","PLACE","http://sws.geonames.org/4560349","Philadelphia","39.95233","-75.16379","","UNVERIFIED","",""
"a5853475-b793-4f20-a56a-1ab17bb41efd","Glasgow","char-offset:239745","PLACE","http://sws.geonames.org/2648579","Glasgow","55.86515","-4.25763","","UNVERIFIED","",""
"d5aaace9-708d-45b2-9da0-f8f2f2a38b5f","Glasgow","char-offset:240322","PLACE","http://sws.geonames.org/2648579","Glasgow","55.86515","-4.25763","","UNVERIFIED","",""
"d2533e92-553b-4bc7-85e3-7e8da1f1e615","Australia","char-offset:240383","PLACE","http://sws.geonames.org/2077456","Australia","-25.736503338149504","134.48623001282735","","UNVERIFIED","",""
"b9d1d0f9-2fdb-4166-a3fc-2ea3f03121ac","Uist","char-offset:241031","PLACE","http://sws.geonames.org/8299850","Isle of South Uist","57.24562","-7.33337","","UNVERIFIED","",""
"a57f656f-7cf6-409a-81f9-abcb513e9f43","Portroch","char-offset:241489","PLACE","","","","","","UNVERIFIED","",""
"c607f11d-57a6-46f4-b462-d5fa47728364","Taybridge","char-offset:241726","PLACE","","","","","","UNVERIFIED","",""
"eefb16d0-fe3e-46e6-81ba-e9751183f73e","Altanlarich","char-offset:242011","PLACE","","","","","","UNVERIFIED","",""
"b244d2fc-b45c-4fe0-be7f-7efb52f96972","Hieland","char-offset:244418","PLACE","","","","","","UNVERIFIED","",""
"5ae7c72f-e49c-490a-b7b2-e2e9fa50fbe7","Ryedale Terrace","char-offset:247535","PLACE","","","","","","UNVERIFIED","",""
"aa86cdf2-8b24-4d4e-b39b-eeb451af186a","Maxwelltown","char-offset:247552","PLACE","","","","","","UNVERIFIED","",""
"f5b9456b-1f4b-4010-8558-9cb4226aa526","Dumfries","char-offset:247565","PLACE","http://sws.geonames.org/4756643","Dumfries","38.56762","-77.32804","","UNVERIFIED","",""
"deef4390-9111-4600-a11e-f27af1ca7d47","Malton","char-offset:251960","PLACE","http://sws.geonames.org/2643142","Malton","54.13695","-0.7996","","UNVERIFIED","",""
"7f3daa1b-1024-4052-b0bc-12aa611977bc","Glasgow","char-offset:253514","PLACE","http://sws.geonames.org/2648579","Glasgow","55.86515","-4.25763","","UNVERIFIED","",""
"1fbca2e6-23ac-422d-b454-9e8048099c40","Glasgow","char-offset:253757","PLACE","http://sws.geonames.org/2648579","Glasgow","55.86515","-4.25763","","UNVERIFIED","",""
"3dd72f48-baf6-44be-ae29-1d2448561e1a","Scotland","char-offset:253890","PLACE","http://sws.geonames.org/2638360","Scotland","","","","UNVERIFIED","",""
"5b440b55-76b8-4260-91f4-a89324db60f1","Scotland","char-offset:254074","PLACE","http://sws.geonames.org/2638360","Scotland","","","","UNVERIFIED","",""
"50cc695d-31d1-46c7-b695-61b4279d995f","North Hanover Street","char-offset:254366","PLACE","","","","","","UNVERIFIED","",""
"afe7ea5c-e60f-43a7-8512-bd049bbb9487","Oxford Street","char-offset:255524","PLACE","","","","","","UNVERIFIED","",""
"42134645-e7fe-474e-b03c-f341c7d806c8","Liverpool","char-offset:256283","PLACE","http://sws.geonames.org/2159851","Liverpool","-33.9","150.93333","","UNVERIFIED","",""
"cf23cce3-3959-4ead-bbae-a557ff60e113","London","char-offset:256306","PLACE","http://sws.geonames.org/2643743","London","51.50853","-0.12574","","UNVERIFIED","",""
"89f3d253-5ae9-495c-a78b-ce14b512eb9e","Aycliffe","char-offset:256564","PLACE","http://sws.geonames.org/2641555","Newton Aycliffe","54.61842","-1.5719","","UNVERIFIED","",""
"11ce43bb-bc65-47b6-9e02-351efee65c34","West Hartlepool","char-offset:258217","PLACE","","","","","","UNVERIFIED","",""
"fca7b1bc-1798-4181-8842-1bfe36775c16","Walton Gaol","char-offset:259101","PLACE","","","","","","UNVERIFIED","",""
"50f132c4-82d4-4a6b-a3f6-e8b56bba1146","Liverpool","char-offset:259119","PLACE","http://sws.geonames.org/2159851","Liverpool","-33.9","150.93333","","UNVERIFIED","",""
"a57d003d-3131-4090-8867-c0ea7e171e01","Cheltenham","char-offset:259298","PLACE","http://sws.geonames.org/2074526","Cheltenham","-34.86667","138.51667","","UNVERIFIED","",""
"c1d33e53-8cfe-47c1-9082-0a58c27b7ae2","Euclid","char-offset:259990","PLACE","http://sws.geonames.org/5153420","Euclid","41.5931","-81.52679","","UNVERIFIED","",""
"8068f20a-4d0a-4a78-b3c0-b790fbe22543","Dalston","char-offset:261721","PLACE","","","","","","UNVERIFIED","",""
"dad24658-2335-4a87-9bd3-e0ae618be652","Wigan","char-offset:261870","PLACE","http://sws.geonames.org/2633948","Wigan","53.53333","-2.61667","","UNVERIFIED","",""
"bae35cde-1426-4a05-9d42-43a2a2409b7c","Wellington Avenue","char-offset:262330","PLACE","","","","","","UNVERIFIED","",""
"575346fe-08e5-4b4b-9885-d9115749f95f","Preston","char-offset:262796","PLACE","http://dare.ht.lu.se/places/26027","Preston","50.643223","-2.421539","","UNVERIFIED","",""
"4654bdbd-06f1-48c2-b7d3-382bca4c3ed9","London","char-offset:263714","PLACE","http://sws.geonames.org/2643743","London","51.50853","-0.12574","","UNVERIFIED","",""
"7bed7942-e5ec-4898-b2d4-fb36fc8cdf55","Blurton Road","char-offset:264924","PLACE","","","","","","UNVERIFIED","",""
"49e42a0b-8cfc-4da1-8eeb-addce1eabca9","England","char-offset:266965","PLACE","http://sws.geonames.org/6269131","England","","","","UNVERIFIED","",""
"95104eda-f629-4b01-97cb-3ec75fb5642c","Holland Road","char-offset:267605","PLACE","","","","","","UNVERIFIED","",""
"86a230cf-4a46-4181-8bf8-df716ee4e17c","Kensington","char-offset:267619","PLACE","http://sws.geonames.org/2161608","Kensington","-33.92019","151.22241","","UNVERIFIED","",""
"42b511dc-f2d3-4e95-8d22-6b40ccf9dab5","Mortlake","char-offset:267669","PLACE","","","","","","UNVERIFIED","",""
"bb560768-4201-4b3b-a182-3e1154d26f40","Roehampton","char-offset:267681","PLACE","","","","","","UNVERIFIED","",""
"27e9193c-ce63-4139-a3b2-7749863420ed","Mortlake","char-offset:267811","PLACE","","","","","","UNVERIFIED","",""
"831b2de1-d11a-40f1-952a-6de74f3a33d9","Chicago","char-offset:268580","PLACE","http://sws.geonames.org/4887398","Chicago","41.85003","-87.65005","","UNVERIFIED","",""
"c3ea1540-a8d7-44a9-bcda-0488289625e6","Calphurnia","char-offset:270844","PLACE","","","","","","UNVERIFIED","",""
"ef98f814-8405-425e-b29e-693ca029db15","London","char-offset:271970","PLACE","http://sws.geonames.org/2643743","London","51.50853","-0.12574","","UNVERIFIED","",""
"c9df6b53-3f06-40c1-8bf6-2403120ccfd1","Hampton Court","char-offset:272888","PLACE","http://sws.geonames.org/4580983","Hampton","32.87794","-81.12761","","UNVERIFIED","",""
"82e8cfe0-e52d-43c7-a269-307b7f1b194a","London","char-offset:273072","PLACE","http://sws.geonames.org/2643743","London","51.50853","-0.12574","","UNVERIFIED","",""
"fa4b8bb0-6b41-4314-b287-c6e2ea9beeef","Borodino","char-offset:273650","PLACE","http://sws.geonames.org/1508943","Borodino","55.9061","94.9079","","UNVERIFIED","",""
"d93890b7-86dd-4cf7-a380-d5b3b3b8d2f0","Borodino","char-offset:273850","PLACE","http://sws.geonames.org/1508943","Borodino","55.9061","94.9079","","UNVERIFIED","",""
"f57fdb0c-183d-4d7c-bf21-b1678fb4d9e1","Russia","char-offset:274022","PLACE","http://sws.geonames.org/2017370","Russia","61.982679896951","96.72826321601113","","UNVERIFIED","",""
"51983739-45df-40d1-a4be-6d0d8f6f225a","Moscow","char-offset:274083","PLACE","http://sws.geonames.org/524894","Moscow","55.497597604986886","37.36093134842519","","UNVERIFIED","",""
"9ccc2e2a-6cf6-4c6c-9dbb-fa5887005f34","Borodino","char-offset:274105","PLACE","http://sws.geonames.org/1508943","Borodino","55.9061","94.9079","","UNVERIFIED","",""
"c04e9e43-c51a-42f8-87f5-68e9541e2325","Pall Mall","char-offset:274640","PLACE","","","","","","UNVERIFIED","",""
"f5b18821-ecf1-43d3-90c8-168038b19282","Frankfort","char-offset:275337","PLACE","http://sws.geonames.org/4292188","Frankfort","38.20091","-84.87328","","UNVERIFIED","",""
"055e044a-aec2-442f-8a28-f89d653e16f4","Portsmouth","char-offset:280543","PLACE","http://sws.geonames.org/5091383","Portsmouth","43.07176","-70.76255","","UNVERIFIED","",""
"c1321025-4b5f-48f1-8356-87357501d90d","Southport","char-offset:284084","PLACE","http://sws.geonames.org/2148928","Southport","-27.96724","153.39796","","UNVERIFIED","",""
"00c7c8de-21ab-470f-b966-f829b59a625e","Beckenham","char-offset:284515","PLACE","http://sws.geonames.org/2656065","Beckenham","51.40878","-0.02526","","UNVERIFIED","",""
"a24d26d1-f18f-4823-9b68-d6da1ade8fdd","Essex","char-offset:284572","PLACE","http://sws.geonames.org/4354428","Essex","39.30927","-76.47496","","UNVERIFIED","",""
"8a927446-7f4a-45a0-b7f6-9409b9cc1b3b","Belsize Park Gardens","char-offset:286129","PLACE","","","","","","UNVERIFIED","",""
"d648bf7d-2393-452b-a941-801fe27b1409","Slindon","char-offset:287592","PLACE","","","","","","UNVERIFIED","",""
"f632e235-d535-4876-98a0-75f419e265b0","Sussex","char-offset:287604","PLACE","http://sws.geonames.org/4788444","Sussex","36.91515","-77.27914","","UNVERIFIED","",""
"d9d4e423-70a1-4bfa-ad49-58d17bfe5c60","Dublin","char-offset:287984","PLACE","http://sws.geonames.org/2964574","Dublin","53.33306","-6.24889","","UNVERIFIED","",""
"2b401534-7054-4468-a05f-90fd8576ceef","England","char-offset:291474","PLACE","http://sws.geonames.org/6269131","England","","","","UNVERIFIED","",""
"8994a36e-5e9b-438d-a2ff-766ace5a90d7","Dublin","char-offset:291641","PLACE","http://sws.geonames.org/2964574","Dublin","53.33306","-6.24889","","UNVERIFIED","",""
"3e325b22-19c6-4e56-a4d9-88046586e0a4","Dublin","char-offset:294355","PLACE","http://sws.geonames.org/2964574","Dublin","53.33306","-6.24889","","UNVERIFIED","",""
"fe567d22-c9f1-42ca-b830-49ff120a7257","Scotland","char-offset:294486","PLACE","http://sws.geonames.org/2638360","Scotland","","","","UNVERIFIED","",""
"773f4445-87fd-471c-b103-b43ea741d469","Forth Bridge","char-offset:294743","PLACE","","","","","","UNVERIFIED","",""
"8faddd13-86b8-4989-bbfc-13b10410aee5","Edinburgh","char-offset:294775","PLACE","http://sws.geonames.org/2650225","Edinburgh","55.95206","-3.19648","","UNVERIFIED","",""
"83d14165-d0e7-4f34-8956-933c1e7e5abe","Edinburgh","char-offset:295078","PLACE","http://sws.geonames.org/2650225","Edinburgh","55.95206","-3.19648","","UNVERIFIED","",""
"ed93c458-511d-46ae-a42e-09aa388a7ae8","Limerick Harbour","char-offset:295315","PLACE","","","","","","UNVERIFIED","",""
"65e18834-5b20-44e6-b91f-90869359df5d","Dublin","char-offset:295417","PLACE","http://sws.geonames.org/2964574","Dublin","53.33306","-6.24889","","UNVERIFIED","",""
"b74313bf-eb15-4f00-812d-fd766597eb36","Neville Street","char-offset:297506","PLACE","","","","","","UNVERIFIED","",""
"1eadf4d1-402a-4b30-a81c-a0aad245bde0","Grainger Street","char-offset:297526","PLACE","","","","","","UNVERIFIED","",""
"43f23647-b7ce-4d8f-bae3-6c1cd3f992e3","Grainger Street","char-offset:297708","PLACE","","","","","","UNVERIFIED","",""
"a45dad03-6ced-4a6b-bead-a564a8bd9d93","Grainger Street","char-offset:298386","PLACE","","","","","","UNVERIFIED","",""
"0726ab25-000e-4d6c-ac1c-8dac4f10d57e","Grainger Street","char-offset:298881","PLACE","","","","","","UNVERIFIED","",""
"ccda924a-6aec-47a1-b372-8d3ef6c2dccb","William Street","char-offset:300850","PLACE","","","","","","UNVERIFIED","",""
"ac1eb35c-edcc-4531-8f77-e3b86f3b5c45","Yorkshire","char-offset:301839","PLACE","http://sws.geonames.org/5145250","Yorkshire","42.53006","-78.4728","","UNVERIFIED","",""
"771076b9-ec8c-493b-bc14-caf6d47d37e0","Grainger Street","char-offset:309264","PLACE","","","","","","UNVERIFIED","",""
"6736af59-f043-43fc-a162-983f672c0011","Newcastle","char-offset:309894","PLACE","http://sws.geonames.org/971421","Newcastle","-27.75796","29.9318","","UNVERIFIED","",""
"9a4c071a-01a5-4a29-8ebe-b8a3ef89c4a7","Grainger Street","char-offset:310420","PLACE","","","","","","UNVERIFIED","",""
"960bb368-10c2-4920-8d83-26e3435f0923","Hebburn","char-offset:310464","PLACE","http://sws.geonames.org/2647209","Hebburn","54.97302","-1.51546","","UNVERIFIED","",""
"23ef5970-f081-49e5-b9b0-161089536d78","Hebburn","char-offset:311802","PLACE","http://sws.geonames.org/2647209","Hebburn","54.97302","-1.51546","","UNVERIFIED","",""
"56a7a2ad-0848-4c90-971a-ae4f7577d565","Newcastle","char-offset:311876","PLACE","http://sws.geonames.org/971421","Newcastle","-27.75796","29.9318","","UNVERIFIED","",""
"bca902a8-0002-4b73-80e6-f0f0344320bd","London","char-offset:314202","PLACE","http://sws.geonames.org/2643743","London","51.50853","-0.12574","","UNVERIFIED","",""
"4200488d-ba42-4419-a0dd-e69155e67e05","London","char-offset:314420","PLACE","http://sws.geonames.org/2643743","London","51.50853","-0.12574","","UNVERIFIED","",""
"aabfbaa0-1b88-4213-8c80-61593d013ba8","Italy","char-offset:314505","PLACE","http://sws.geonames.org/3175395","Italy","42.78740074008558","12.081074295699182","","UNVERIFIED","",""
"af61062d-4b67-47cb-a008-d1bf0887d1a6","London","char-offset:314527","PLACE","http://sws.geonames.org/2643743","London","51.50853","-0.12574","","UNVERIFIED","",""
"6f97a217-dbcd-413a-9717-4fc63e178779","Italy","char-offset:314932","PLACE","http://sws.geonames.org/3175395","Italy","42.78740074008558","12.081074295699182","","UNVERIFIED","",""
"815bdf0b-1c0c-4eae-8b8a-54b18fdf364f","Italy","char-offset:315387","PLACE","http://sws.geonames.org/3175395","Italy","42.78740074008558","12.081074295699182","","UNVERIFIED","",""
"8bf1fd78-74d1-43b0-a626-43314c1495b3","East London","char-offset:315526","PLACE","http://sws.geonames.org/1006984","East London","-33.01529","27.91162","","UNVERIFIED","",""
"d231d17b-4cca-4734-bb9b-5a6fd9cf825e","London","char-offset:315727","PLACE","http://sws.geonames.org/2643743","London","51.50853","-0.12574","","UNVERIFIED","",""
"7b2196ab-de03-4346-be65-f72b293452fa","Hotel Washington","char-offset:316441","PLACE","","","","","","UNVERIFIED","",""
"de35e138-67c5-4f38-a5ed-cf3fdb777daa","Bay of Naples","char-offset:316475","PLACE","http://pleiades.stoa.org/places/432744","Campi Phlegraei","40.827","14.139","region,plain","UNVERIFIED","",""
"daa016c6-cf76-4247-8384-43487408f9ef","London","char-offset:317264","PLACE","http://sws.geonames.org/2643743","London","51.50853","-0.12574","","UNVERIFIED","",""
"26dbab90-96fe-4151-bffc-0ac27f815c6c","England","char-offset:317803","PLACE","http://sws.geonames.org/6269131","England","","","","UNVERIFIED","",""
"f2c751cc-7c3e-4a7f-93c2-ece5ca3a96c1","Naples","char-offset:317815","PLACE","http://dare.ht.lu.se/places/23178","Crypta Neapolitana, Napoli|Parthenope/Neapolis|Neapolis/Parthenope, Napoli|Naples","40.829595","14.21755","city-wall,theatre,settlement,urban","UNVERIFIED","",""
"05928064-7e5f-4c43-8b4a-f8cdfa8f5e46","England","char-offset:321045","PLACE","http://sws.geonames.org/6269131","England","","","","UNVERIFIED","",""
"5f44e9ec-2a23-4837-9e86-45981bea35d8","Naples","char-offset:323683","PLACE","http://dare.ht.lu.se/places/23178","Crypta Neapolitana, Napoli|Parthenope/Neapolis|Neapolis/Parthenope, Napoli|Naples","40.829595","14.21755","city-wall,theatre,settlement,urban","UNVERIFIED","",""
"f3ff12b2-a702-4316-b4ca-e3aba3aef85b","Naples","char-offset:323816","PLACE","http://dare.ht.lu.se/places/23178","Crypta Neapolitana, Napoli|Parthenope/Neapolis|Neapolis/Parthenope, Napoli|Naples","40.829595","14.21755","city-wall,theatre,settlement,urban","UNVERIFIED","",""
"8559562f-99f7-4478-819a-6ce808e94473","India","char-offset:326937","PLACE","http://pleiades.stoa.org/places/50004","India","22.5","77.5","region","UNVERIFIED","",""
"5a143607-aa68-4988-89c4-4c680681f30a","India","char-offset:328278","PLACE","http://pleiades.stoa.org/places/50004","India","22.5","77.5","region","UNVERIFIED","",""
"b4846964-f18c-4168-b6a5-f3af08f7f600","Edinburgh","char-offset:328873","PLACE","http://sws.geonames.org/2650225","Edinburgh","55.95206","-3.19648","","UNVERIFIED","",""
"a0cfcb80-ff59-41b0-91f6-cd647f3b74dd","India","char-offset:328911","PLACE","http://pleiades.stoa.org/places/50004","India","22.5","77.5","region","UNVERIFIED","",""
"e39a331e-a930-4be4-8053-39e971f7ef4f","London","char-offset:329766","PLACE","http://sws.geonames.org/2643743","London","51.50853","-0.12574","","UNVERIFIED","",""
"4d9be482-57c4-44a5-b1f2-6f26f885a72b","Wimbledon","char-offset:333068","PLACE","","","","","","UNVERIFIED","",""
"7f5c0ad3-5366-41b9-bbd5-1eb2f013e113","Bideford","char-offset:333142","PLACE","http://sws.geonames.org/2655707","Bideford","51.01678","-4.20832","","UNVERIFIED","",""
"44840fcd-f849-4084-b3ba-bb3b67bd6913","North Devon","char-offset:333152","PLACE","","","","","","UNVERIFIED","",""
"cc9eaee1-8303-490c-a840-e963d381c7cb","Sebastopol","char-offset:333975","PLACE","http://sws.geonames.org/2149936","Sebastopol","-37.58532","143.83953","","UNVERIFIED","",""
"4904415d-8042-436a-b682-fef20f1e54b7","Scotland","char-offset:334004","PLACE","http://sws.geonames.org/2638360","Scotland","","","","UNVERIFIED","",""
"8a1b8b88-7308-4b15-8e6a-d3efdb121113","Gartsherrie","char-offset:334157","PLACE","","","","","","UNVERIFIED","",""
"8c30a529-605d-4936-9f0e-224a75981d81","Coatbridge","char-offset:334170","PLACE","http://sws.geonames.org/2652696","Coatbridge","55.86216","-4.02469","","UNVERIFIED","",""
"b8990980-98e8-4502-abbe-2c458a539774","Sebastopol","char-offset:334437","PLACE","http://sws.geonames.org/2149936","Sebastopol","-37.58532","143.83953","","UNVERIFIED","",""
"5080e863-63f5-41e8-b05a-92e0e1b5ffe3","Redan","char-offset:337220","PLACE","http://sws.geonames.org/4218165","Redan","33.74538","-84.13158","","UNVERIFIED","",""
"21ecdb84-a4d9-4f63-acf6-54daf46f8763","Athole Crescent","char-offset:337421","PLACE","","","","","","UNVERIFIED","",""
"0e77b785-5c92-4dc7-b013-7de4cff3a23b","Edinburgh","char-offset:337440","PLACE","http://sws.geonames.org/2650225","Edinburgh","55.95206","-3.19648","","UNVERIFIED","",""
"9bb911e5-dbd9-4295-81a7-41479028abe3","France","char-offset:338487","PLACE","http://sws.geonames.org/3017382","France","46.557575440537526","2.5522572848112075","","UNVERIFIED","",""
"4145aaa5-55d8-4ac8-aeee-10d4c6ba787e","Valois","char-offset:338655","PLACE","http://sws.geonames.org/6138210","Saint-FÃ©lix-de-Valois","46.16977","-73.42525","","UNVERIFIED","",""
"f9e96f0b-dd33-41cf-adde-d470adb66b43","Fontainebleau","char-offset:338891","PLACE","http://sws.geonames.org/3018074","Fontainebleau","48.4","2.7","","UNVERIFIED","",""
"51352b2c-cf5e-4de8-9225-8f1446352166","Denmark","char-offset:338957","PLACE","http://sws.geonames.org/2623032","Denmark","55.99261328451904","10.018244984954958","","UNVERIFIED","",""
"7b7534b3-dd0f-4b4f-b138-93c328ad92ae","Poole","char-offset:339030","PLACE","http://sws.geonames.org/2640101","Poole","50.71429","-1.98458","","UNVERIFIED","",""
"61a29c3d-9d61-43f8-aa7d-658bd57a69cc","Sleswig","char-offset:339054","PLACE","","","","","","UNVERIFIED","",""
"e192ccd4-8e2d-4fbf-8284-8f26df621d93","Elsinore","char-offset:339101","PLACE","http://sws.geonames.org/5364499","Lake Elsinore","33.66808","-117.32726","","UNVERIFIED","",""
"8aa11c83-951f-40a9-bbe5-51d6a3ed5199","Sweden","char-offset:339128","PLACE","http://sws.geonames.org/2661886","Sweden","62.7925483465048","16.753693037543123","","UNVERIFIED","",""
"ae8b6e1b-bffe-401c-8938-c2b2ae016b49","Scotland","char-offset:339296","PLACE","http://sws.geonames.org/2638360","Scotland","","","","UNVERIFIED","",""
"5196f01c-8d10-4517-86d8-a117fdeaeff5","Linlithgow","char-offset:339337","PLACE","http://sws.geonames.org/2644444","Linlithgow","55.97639","-3.60364","","UNVERIFIED","",""
"76a160ef-09e7-4b00-a085-8322ecc10aa8","England","char-offset:339414","PLACE","http://sws.geonames.org/6269131","England","","","","UNVERIFIED","",""
"6645a4a6-25ea-49ca-a443-c049350489fa","Jedburgh","char-offset:339471","PLACE","http://sws.geonames.org/2645970","Jedburgh","55.47997","-2.552","","UNVERIFIED","",""
"449da187-e184-4fcf-801d-c6cd1f2fa586","Flodden Field","char-offset:339506","PLACE","","","","","","UNVERIFIED","",""
"5ae95a9f-f2b9-4e10-8790-adb4f7e5b89c","England","char-offset:339537","PLACE","http://sws.geonames.org/6269131","England","","","","UNVERIFIED","",""
"ef8db746-4313-4d17-a231-92b9df8b6b45","Naseby","char-offset:339600","PLACE","","","","","","UNVERIFIED","",""
"35e0a5b3-a23c-47be-88b9-a0d79ecd6741","Strafford","char-offset:339647","PLACE","http://sws.geonames.org/5093235","Strafford","43.32703","-71.18423","","UNVERIFIED","",""
"77b297a4-029b-43ec-adf6-0fb55e076225","Northampton","char-offset:339724","PLACE","http://sws.geonames.org/2064549","Northampton","-28.34994","114.63821","","UNVERIFIED","",""
"93337276-f0af-4cd5-b13a-f2d121073242","England","char-offset:340223","PLACE","http://sws.geonames.org/6269131","England","","","","UNVERIFIED","",""
"fc4e0ea9-e7a6-4c49-bb34-3846caa6348d","Jarnac","char-offset:340486","PLACE","http://pleiades.stoa.org/places/138376","Les Grandes Maisons|Les Grandes Maisons, Jarnac|Jarnac","45.681149","-0.189367","settlement","UNVERIFIED","",""
"228625df-3f91-46dc-ad2d-152eadb0d803","Pavia","char-offset:340737","PLACE","http://sws.geonames.org/1694262","Pavia","10.77611","122.54556","","UNVERIFIED","",""
"100ed461-9269-4ead-b80c-918f1edfc8d3","Buckingham","char-offset:341410","PLACE","http://sws.geonames.org/2654410","Buckingham","51.99968","-0.98779","","UNVERIFIED","",""
"334571f4-449f-492b-b6c9-55bd3db7656c","Windsor","char-offset:341596","PLACE","http://sws.geonames.org/6182962","Windsor","42.30008","-83.01654","","UNVERIFIED","",""
"5e4198c4-7719-458f-81c3-5d13be83ca02","Ireland","char-offset:341747","PLACE","http://sws.geonames.org/2963597","Ireland","53.183653722755","-8.146716125232045","","UNVERIFIED","",""
"1cd66f55-2eba-4858-a734-e67e76b5d2e2","London","char-offset:342031","PLACE","http://sws.geonames.org/2643743","London","51.50853","-0.12574","","UNVERIFIED","",""
"988b2f25-cc26-4792-b319-5b31ee9f6e69","Patras","char-offset:342095","PLACE","http://pleiades.stoa.org/places/484001","Patras","","","unlocated","UNVERIFIED","",""
"264d45b8-aee0-4dff-95fa-76a1c12ebc81","Antioch","char-offset:342292","PLACE","http://sws.geonames.org/5324200","Antioch","38.00492","-121.80579","","UNVERIFIED","",""
"3b618f6f-135b-4e33-8422-80b2a52f9faf","Africa","char-offset:343008","PLACE","http://sws.geonames.org/6255146","Africa","6.42577000602419","18.274639053061836","","UNVERIFIED","",""
"40b2c0da-e6c0-46aa-9aae-fbcb2a2c8b61","Africa","char-offset:343126","PLACE","http://sws.geonames.org/6255146","Africa","6.42577000602419","18.274639053061836","","UNVERIFIED","",""
"8280db1b-a2a6-4b85-9d8b-38c8c108a42f","Greece","char-offset:343374","PLACE","http://sws.geonames.org/390903","Greece","39.04697922405934","22.97947876378841","","UNVERIFIED","",""
"6157a814-701c-4eac-ab09-561b2d5f3c82","Philippi","char-offset:343707","PLACE","http://pleiades.stoa.org/places/501482","Krenides/Philippi/Col. Augusta Iulia Philippensis|Philippi/Krenides/Col. Augusta Iulia Philippensis, Krenides","41.01316","24.28409","theatre,settlement","UNVERIFIED","",""
"b12d724b-8d01-4a3d-88cd-ab7c122234ab","Elbe","char-offset:343817","PLACE","http://pleiades.stoa.org/places/98909","Albis fl.|Albis, Elbe","53.893333","8.705556","river","UNVERIFIED","",""
"ea060a36-8a15-4af4-bd7d-02b3a692b7a8","Rhine","char-offset:343941","PLACE","http://pleiades.stoa.org/places/109277","Rhenus (river)|Rhenus, Rhein","51.981667","4.080556","river","UNVERIFIED","",""
"56ae54e5-d2ef-496f-ace9-aeac2396d970","Syracuse","char-offset:344166","PLACE","http://sws.geonames.org/5140405","Syracuse","43.04812","-76.14742","","UNVERIFIED","",""
"3a91c656-5bc6-45c8-91d1-c4b3a555dd8f","Syracuse","char-offset:344289","PLACE","http://sws.geonames.org/5140405","Syracuse","43.04812","-76.14742","","UNVERIFIED","",""
"dbdfdf79-127b-4a29-b31b-4fbb0a0a1d61","Prussia","char-offset:344599","PLACE","http://sws.geonames.org/5196220","King of Prussia","40.08927","-75.39602","","UNVERIFIED","",""
"60a0a315-717b-4892-b01c-6172b6f1a00b","Wickmauga","char-offset:345161","PLACE","","","","","","UNVERIFIED","",""
"da41bb3d-f40c-44ce-93c7-fa07f1ea75b5","Paris","char-offset:345415","PLACE","http://pleiades.stoa.org/places/109126","Lutetia|Lutetia/Parisius, Paris|Paris","48.852964","2.349952","amphitheatre,bath,settlement","UNVERIFIED","",""
"4c5fab0a-b9e4-4f8d-b341-96daeb2620a6","St. Bartholemew","char-offset:345441","PLACE","","","","","","UNVERIFIED","",""
"49c51c60-f248-43ca-9984-221de375f524","Paris","char-offset:346176","PLACE","http://pleiades.stoa.org/places/109126","Lutetia|Lutetia/Parisius, Paris|Paris","48.852964","2.349952","amphitheatre,bath,settlement","UNVERIFIED","",""
"90785b87-e797-4323-b029-c7ca63cf4872","London","char-offset:346217","PLACE","http://sws.geonames.org/2643743","London","51.50853","-0.12574","","UNVERIFIED","",""
"0ea4bf0d-3670-4572-82e7-ddfc4fe9f4b3","Lerici","char-offset:346467","PLACE","http://sws.geonames.org/3174856","Lerici","44.07587","9.91121","","UNVERIFIED","",""
"fc8fb2b4-bc30-4238-b491-57dcb8cdae86","Rome","char-offset:346717","PLACE","http://pleiades.stoa.org/places/423025","Roma|Roma, Roma|Rome","41.89262","12.4843457","settlement,urban","UNVERIFIED","",""
"ab3cac7a-ad68-47e1-838b-1676c9fe6500","Hawthornden","char-offset:347322","PLACE","","","","","","UNVERIFIED","",""
"b8c02495-582a-42eb-b47f-1741633349fd","Cambridge","char-offset:348214","PLACE","http://sws.geonames.org/2172677","Cambridge","-42.83333","147.45","","UNVERIFIED","",""
"a30a4002-e231-41bc-96fb-dbacdb505787","England","char-offset:349436","PLACE","http://sws.geonames.org/6269131","England","","","","UNVERIFIED","",""
"d72798c9-0d83-4d87-ae94-fab4ea887c8f","Cape Coast Castle","char-offset:349842","PLACE","http://sws.geonames.org/2302357","Cape Coast","5.10535","-1.2466","","UNVERIFIED","",""
"42cd02df-3b01-4181-aeab-dfe7a39a6400","Truro","char-offset:350210","PLACE","http://sws.geonames.org/2635412","Truro","50.26526","-5.05436","","UNVERIFIED","",""
"0060bb1b-ea90-47e5-bde6-51d82355ea9a","Gold Coast","char-offset:350409","PLACE","http://sws.geonames.org/2165087","Gold Coast","-28.00029","153.43088","","UNVERIFIED","",""
"8a47b050-0072-4dd7-8403-779fe6c381a3","Padua","char-offset:350728","PLACE","http://pleiades.stoa.org/places/393473","Patavium|Patavium, Padova|Padova","45.4096","11.8766","amphitheatre,settlement","UNVERIFIED","",""
"b6848d92-f944-4399-b62c-bca03e6160e6","Dover","char-offset:350800","PLACE","http://sws.geonames.org/2651048","Dover","51.13333","1.3","","UNVERIFIED","",""
"4e7e2d95-7f83-476b-9d77-cdb9e9813730","Pomeroy Castle","char-offset:351100","PLACE","","","","","","UNVERIFIED","",""
"8c549c61-0161-4171-a183-1b9764d3d8d2","Brook Street","char-offset:351343","PLACE","","","","","","UNVERIFIED","",""
"6273dd61-80f6-4c94-b846-a78d6ad48ff4","India","char-offset:351410","PLACE","http://pleiades.stoa.org/places/50004","India","22.5","77.5","region","UNVERIFIED","",""
"8331a3fc-47c5-4c8c-902b-358f0e5f73c6","Cherbury","char-offset:351654","PLACE","","","","","","UNVERIFIED","",""
"395cbc4c-0b87-488a-8bcc-d8cd7080d53d","Oberlin","char-offset:352462","PLACE","http://sws.geonames.org/5165445","Oberlin","41.29394","-82.21738","","UNVERIFIED","",""
"2b3b200a-ffed-4370-b25d-a9790dd9af45","Yorkshire","char-offset:352653","PLACE","http://sws.geonames.org/5145250","Yorkshire","42.53006","-78.4728","","UNVERIFIED","",""
"935d39cb-7f04-49be-a7e3-32b326756cc6","Malta","char-offset:352831","PLACE","http://sws.geonames.org/2562770","Malta","35.917829924483016","14.404920241372013","","UNVERIFIED","",""
"b085179c-41f8-4cc6-a19f-94cef390fd91","St. Augustine","char-offset:353307","PLACE","http://sws.geonames.org/4170894","Saint Augustine","29.89469","-81.31452","","UNVERIFIED","",""
"1334c22d-8fdb-40aa-8f44-f46f27d28ca6","St. Augustine","char-offset:353323","PLACE","http://sws.geonames.org/4170894","Saint Augustine","29.89469","-81.31452","","UNVERIFIED","",""
"902cbb55-aa87-474f-abb6-bf93d9500baa","St. Benedict","char-offset:353398","PLACE","","","","","","UNVERIFIED","",""
"1e44fbcf-934e-4b13-948e-5b5bf485e41a","St. Basil","char-offset:353588","PLACE","","","","","","UNVERIFIED","",""
"ca721ffc-8f67-4330-a10a-b9c5e3789cd4","St. Benedict","char-offset:353627","PLACE","","","","","","UNVERIFIED","",""
"b3cf9b2e-0ca1-474a-8064-39d66c81f99b","St. Germanus","char-offset:353676","PLACE","","","","","","UNVERIFIED","",""
"430d9417-35a8-4052-a00d-d543efbc5918","Capua","char-offset:353700","PLACE","http://pleiades.stoa.org/places/432763","Casilinum|Casilinum, Capua|Capua|Capua, Santa Maria Capua Vetere|Capua","41.1061258","14.2130486","arch,amphitheatre,settlement","UNVERIFIED","",""
"06f8964c-9603-48a4-a519-05dfdd6e7dca","St. Augustine","char-offset:353735","PLACE","http://sws.geonames.org/4170894","Saint Augustine","29.89469","-81.31452","","UNVERIFIED","",""
"2af89207-ef84-49bf-bf73-955dd9fda8f7","St. Edmund","char-offset:353753","PLACE","http://pleiades.stoa.org/places/79735","Venta|Venta, Caistor St Edmund","52.581356","1.287468","settlement","UNVERIFIED","",""
"070e2fd0-5215-4739-a93c-ee0763418287","Canterbury","char-offset:353780","PLACE","http://sws.geonames.org/2192628","Canterbury","-43.5751123784184","171.5557410649946","","UNVERIFIED","",""
"f24708de-0d65-40e1-83d0-2e94f52beae9","St. Columba","char-offset:353986","PLACE","","","","","","UNVERIFIED","",""
"bafa0281-9ec5-4bc0-9f8b-1d8f08d4d995","Mme.","char-offset:354407","PLACE","http://sws.geonames.org/2226441","Mme-Bafumen","6.33333","10.23333","","UNVERIFIED","",""
"ef4172cc-1256-45c9-86b7-71b9ae836f94","Holland House","char-offset:354667","PLACE","","","","","","UNVERIFIED","",""
"3e01a249-266e-4b61-87bd-fc5f59a76b19","Gloucester","char-offset:354864","PLACE","http://sws.geonames.org/2165159","Gloucester","-32.0077","151.9633","","UNVERIFIED","",""
"f8a398df-ba9a-4d8e-96f9-9525229ab3c8","Ireland","char-offset:355829","PLACE","http://sws.geonames.org/2963597","Ireland","53.183653722755","-8.146716125232045","","UNVERIFIED","",""
"1a3d6c8a-6c16-4ba3-90af-8ad356061933","Maidstone","char-offset:356319","PLACE","http://dare.ht.lu.se/places/25640","Maidstone","51.265455","0.52952","","UNVERIFIED","",""
"f3955ce7-4cc3-4139-b60e-9c7182447697","Paris","char-offset:356847","PLACE","http://pleiades.stoa.org/places/109126","Lutetia|Lutetia/Parisius, Paris|Paris","48.852964","2.349952","amphitheatre,bath,settlement","UNVERIFIED","",""
"42dc4a31-8374-4072-afee-eb2508ff0aa4","Flanders","char-offset:356898","PLACE","http://sws.geonames.org/3337388","Flanders","","","","UNVERIFIED","",""
"62b58c9d-389f-4684-8110-525db9e3ae57","Faubourg St. Antoine","char-offset:356997","PLACE","","","","","","UNVERIFIED","",""
"a01f6072-a830-405b-ac90-3fdc1de2a627","Worcester","char-offset:357467","PLACE","http://sws.geonames.org/3359041","Worcester","-33.64651","19.44852","","UNVERIFIED","",""
"11db520f-88a1-44a2-bca1-899d4b8a9418","Scotland","char-offset:357614","PLACE","http://sws.geonames.org/2638360","Scotland","","","","UNVERIFIED","",""
"1cd4de1c-2fbc-44d3-8635-c99a5bed7e36","Edinburgh Castle","char-offset:357722","PLACE","http://pleiades.stoa.org/places/89153","Cramond|Cramond","55.977587","-3.300378","fort","UNVERIFIED","",""
"9f81e595-c299-47b7-8e81-60235abf8482","Killiecrankie","char-offset:357840","PLACE","","","","","","UNVERIFIED","",""
"d60ee224-2589-4de6-88bb-46ce4df60ffe","Holland","char-offset:357856","PLACE","http://sws.geonames.org/4996248","Holland","42.78752","-86.10893","","UNVERIFIED","",""
"98f709ae-4b85-4fbe-a85a-54f7994dfe33","Holland House","char-offset:357966","PLACE","","","","","","UNVERIFIED","",""
"6186d2d5-1eef-4d04-9e1f-781eea7af945","Paris","char-offset:358102","PLACE","http://pleiades.stoa.org/places/109126","Lutetia|Lutetia/Parisius, Paris|Paris","48.852964","2.349952","amphitheatre,bath,settlement","UNVERIFIED","",""
"3b35f207-3edb-4f13-ad0e-8cf3da24d4c7","St. Bartholemew","char-offset:358142","PLACE","","","","","","UNVERIFIED","",""
"eb6ae9dd-f885-4468-add9-0a6618640725","Shelburne","char-offset:358175","PLACE","http://sws.geonames.org/4950747","Shelburne","42.58981","-72.68842","","UNVERIFIED","",""
"61008bcb-fea5-4b3d-9b2e-89c29effe13e","Lansdowne","char-offset:358221","PLACE","http://sws.geonames.org/3364682","Lansdowne","-33.98735","18.49746","","UNVERIFIED","",""
"c838f355-7a3b-42aa-8739-acc64dd12067","St. Andrews","char-offset:359001","PLACE","http://sws.geonames.org/2638864","Saint Andrews","56.33871","-2.79902","","UNVERIFIED","",""
"1a35f006-68aa-459f-92dd-ca563156b747","Cornwall","char-offset:359056","PLACE","http://sws.geonames.org/5113775","Cornwall-on-Hudson","41.44482","-74.0157","","UNVERIFIED","",""
"6db00d40-27dd-4c73-93bf-bdf2fe9a9a0f","Chesterfield","char-offset:359276","PLACE","http://dare.ht.lu.se/places/25422","Chesterfield","53.235544","-1.424647","","UNVERIFIED","",""
"a6eee13a-0db8-4d5a-8ac6-57de18e46674","Chelsea Fields","char-offset:359626","PLACE","","","","","","UNVERIFIED","",""
"e270fd97-a67d-4647-b1cb-919fc7d78ac3","Covent Garden","char-offset:359717","PLACE","","","","","","UNVERIFIED","",""
